<?xml version="1.0" encoding="utf-8"?>
<Accounts>
	<Account ID="1">
		<CID>1</CID>
		<UserName>admin</UserName>
		<Password>adminpass</Password>
		<Signature>g0t r00t?</Signature>
		<Type>User</Type>
		<FirstName>System</FirstName>
		<LastName>Administrator</LastName>
		<ClientID>656039a4ae82941069b2794c72adb761</ClientID>
		<ClientSecret>47c2574a57c5412a5492f140df810221743efd4fb0df34ec7da88d2585320d1b</ClientSecret>
	</Account>
	<Account ID="2">
		<CID>2</CID>
		<UserName>adrian</UserName>
		<Password>somepassword</Password>
		<Signature>Zombie Films Rock!</Signature>
		<Type>User</Type>
		<FirstName>Adrian</FirstName>
		<LastName>Crenshaw</LastName>
		<ClientID>28495d7a6a4da9938a13557085529d68</ClientID>
		<ClientSecret>74235231169989ddad1d70743d0a5b19287fa86ab540b67694eee83c5801e8ca</ClientSecret>
	</Account>
	<Account ID="3">
		<CID>3</CID>
		<UserName>patches</UserName>
		<Password>tortoise</Password>
		<Signature>meow</Signature>
		<Type>User</Type>
		<FirstName>Patches</FirstName>
		<LastName>Pester</LastName>
		<ClientID>6a1ab561e86866b7f434737d037298ee</ClientID>
		<ClientSecret>21532cf63d0e6fd1794c88b784e6716dc59750cc371a5b50f0eb9390eb11279c</ClientSecret>
	</Account>
	<Account ID="4">
		<CID>4</CID>
		<UserName>jeremy</UserName>
		<Password>password</Password>
		<Signature>d1373 1337 speak</Signature>
		<Type>User</Type>
		<FirstName>Jeremy</FirstName>
		<LastName>Druin</LastName>
		<ClientID>fd98dbfbaae795a758fa092b7968322b</ClientID>
		<ClientSecret>48b2c2d5a65a4f225ed7c1b34e3d6033514373bf2cdbfe6a88f8c3073f4575c5</ClientSecret>
	</Account>
	<Account ID="5">
		<CID>5</CID>
		<UserName>bryce</UserName>
		<Password>password</Password>
		<Signature>I Love SANS</Signature>
		<Type>User</Type>
		<FirstName>Bryce</FirstName>
		<LastName>Galbraith</LastName>
		<ClientID>c081b5d052a17b4012d1a08b6cbc1555</ClientID>
		<ClientSecret>3ccf16f8565c7816c362cf0d07a5a1309d2688b6cc7925316ea73721294788bf</ClientSecret>
	</Account>
	<Account ID="6">
		<CID>6</CID>
		<UserName>samurai</UserName>
		<Password>samurai</Password>
		<Signature>Carving fools</Signature>
		<Type>User</Type>
		<FirstName>Samurai</FirstName>
		<LastName>WTF</LastName>
		<ClientID>5897daf6c01337716cedfbb5c95e566f</ClientID>
		<ClientSecret>4c192117bd3d7af80f66ef590eb70ddaedb11adeae28e9bb6af5f30851118866</ClientSecret>
	</Account>
	<Account ID="7">
		<CID>7</CID>
		<UserName>dodgerjim</UserName>
		<Password>password</Password>
		<Signature>Rome is burning</Signature>
		<Type>User</Type>
		<FirstName>Jim</FirstName>
		<LastName>Rome</LastName>
		<ClientID>61b4d7008fea1117a953782f5c863457</ClientID>
		<ClientSecret>4dbb85b3022151d937efdd83e59235c6f08d0cf2676c123646dc53e3968fd9d6</ClientSecret>
	</Account>
	<Account ID="8">
		<CID>8</CID>
		<UserName>bobby</UserName>
		<Password>password</Password>
		<Signature>Hank is my dad</Signature>
		<Type>User</Type>
		<FirstName>Bobby</FirstName>
		<LastName>Hill</LastName>
		<ClientID>b828bec67fe88393a048ec78c6c5301a</ClientID>
		<ClientSecret>eb0467fa4b6e819d603d71de4d7447a8ade75d907362041f8cfee7d1e12a6f3b</ClientSecret>
	</Account>
	<Account ID="9">
		<CID>9</CID>
		<UserName>simba</UserName>
		<Password>password</Password>
		<Signature>I am a super-cat</Signature>
		<Type>User</Type>
		<FirstName>Simba</FirstName>
		<LastName>Lion</LastName>
		<ClientID>79280e66ac918e7f10e4480a651651eb</ClientID>
		<ClientSecret>dfda492b919ff764cb79ec6702c1b06435a5f5f963bafe7dda1c55709449967b</ClientSecret>
	</Account>
	<Account ID="10">
		<CID>10</CID>
		<UserName>dreveil</UserName>
		<Password>password</Password>
		<Signature>Preparation H</Signature>
		<Type>User</Type>
		<FirstName>Dr.</FirstName>
		<LastName>Evil</LastName>
		<ClientID>fd44ffd6e069c2d14e061b67cfcca34c</ClientID>
		<ClientSecret>01bcc2727ddd58e4686bea5622607a27439c3784a6e930bf565983edab2008d4</ClientSecret>
	</Account>
	<Account ID="11">
		<CID>11</CID>
		<UserName>scotty</UserName>
		<Password>password</Password>
		<Signature>Scotty do</Signature>
		<Type>User</Type>
		<FirstName>Scotty</FirstName>
		<LastName>Evil</LastName>
		<ClientID>4f2ef44b16f6726bb6704d0689342c2b</ClientID>
		<ClientSecret>59ca5fa1259cf807de0085e71e34a844d7fb6f5754d0793f6b289c010ef2cf05</ClientSecret>
	</Account>
	<Account ID="12">
		<CID>12</CID>
		<UserName>cal</UserName>
		<Password>password</Password>
		<Signature>C-A-T-S Cats Cats Cats</Signature>
		<Type>User</Type>
		<FirstName>John</FirstName>
		<LastName>Calipari</LastName>
		<ClientID>dabb60fcdd5252216116ab15ab648bb0</ClientID>
		<ClientSecret>e5643fd8412fa3089ef09abcda425e44240a061880161d9ca560975a3e7a16d3</ClientSecret>
	</Account>
	<Account ID="13">
		<CID>13</CID>
		<UserName>john</UserName>
		<Password>password</Password>
		<Signature>Do the Duggie!</Signature>
		<Type>User</Type>
		<FirstName>John</FirstName>
		<LastName>Wall</LastName>
		<ClientID>7947bfac62f7f32d38f70e0c1a784a31</ClientID>
		<ClientSecret>55794ee4015775a958af7f4387812db95032dc673b5149537d4457854b4441e4</ClientSecret>
	</Account>
	<Account ID="14">
		<CID>14</CID>
		<UserName>kevin</UserName>
		<Password>42</Password>
		<Signature>Doug Adams rocks</Signature>
		<Type>User</Type>
		<FirstName>Kevin</FirstName>
		<LastName>Johnson</LastName>
		<ClientID>f93cef83c7e43fe903a4385852ebc206</ClientID>
		<ClientSecret>0394424c5cb90fdee7cb223dccada7ac4d8e36aa4a6ea3b87ca1ab9cbbb96c85</ClientSecret>
	</Account>
	<Account ID="15">
		<CID>15</CID>
		<UserName>dave</UserName>
		<Password>set</Password>
		<Signature>Bet on S.E.T. FTW</Signature>
		<Type>User</Type>
		<FirstName>Dave</FirstName>
		<LastName>Kennedy</LastName>
		<ClientID>de75b397672e4b570775c443a0c2687a</ClientID>
		<ClientSecret>330a08265f81951549a4dd131cfb47427f173dbc0cdc458ac5d6423c2ca29b34</ClientSecret>
	</Account>
	<Account ID="16">
		<CID>16</CID>
		<UserName>rocky</UserName>
		<Password>stripes</Password>
		<Signature>treats?</Signature>
		<Type>User</Type>
		<FirstName>Rocky</FirstName>
		<LastName>Paws</LastName>
		<ClientID>324ebc97dac47e1f24adec1212f1da9a</ClientID>
		<ClientSecret>a4466826efb6e2e788559f26716a992d22e491ccc80a796f6abaa1cec07d2fe6</ClientSecret>
	</Account>
	<Account ID="17">
		<CID>17</CID>
		<UserName>tim</UserName>
		<Password>lanmaster53</Password>
		<Signature>Because reconnaissance is hard to spell</Signature>
		<Type>User</Type>
		<FirstName>Tim</FirstName>
		<LastName>Tomes</LastName>
		<ClientID>0d4b6e04d77fc30265d00343a3d395eb</ClientID>
		<ClientSecret>101bdc55d98c3e8704d3082ec79d411331df13e95a9ffefc264828ea37c31f4c</ClientSecret>
	</Account>
	<Account ID="18">
		<CID>18</CID>
		<UserName>ABaker</UserName>
		<Password>SoSecret</Password>
		<Signature>Muffin tops only</Signature>
		<Type>User</Type>
		<FirstName>Aaron</FirstName>
		<LastName>Baker</LastName>
		<ClientID>bb152756e8203601d43db4d19a93e727</ClientID>
		<ClientSecret>1c9a12a79edb0a471bc24e867127dcbe036a9a959939bb077646e4943ca6444d</ClientSecret>
	</Account>
	<Account ID="19">
		<CID>19</CID>
		<UserName>PPan</UserName>
		<Password>NotTelling</Password>
		<Signature>Where is Tinker?</Signature>
		<Type>User</Type>
		<FirstName>Peter</FirstName>
		<LastName>Pan</LastName>
		<ClientID>94ad3f36e37d8568fdbe6b9ae58e80ee</ClientID>
		<ClientSecret>ff78d8f09fa16e3c885eef1cc33aeb16c5a4ae337a48bf9fe84a7eb10a0e7512</ClientSecret>
	</Account>
	<Account ID="20">
		<CID>20</CID>
		<UserName>CHook</UserName>
		<Password>JollyRoger</Password>
		<Signature>Gator-hater</Signature>
		<Type>User</Type>
		<FirstName>Captain</FirstName>
		<LastName>Hook</LastName>
		<ClientID>bec478a6b3b56d82ec1281685acfd219</ClientID>
		<ClientSecret>23f8952e810af8493269871a0b8af407a2f4f1d2cc6adf96d31adf6cf5b93630</ClientSecret>
	</Account>
	<Account ID="21">
		<CID>21</CID>
		<UserName>james</UserName>
		<Password>i&lt;3devs</Password>
		<Signature>Occupation: Researcher</Signature>
		<Type>User</Type>
		<FirstName>James</FirstName>
		<LastName>Jardine</LastName>
		<ClientID>188016feaefd295ebcb75a2fc0745392</ClientID>
		<ClientSecret>c51605308e81f5b4c1559b0621f082d5b2dd5d9d206446ad2c708282c3a8af54</ClientSecret>
	</Account>
	<Account ID="22">
		<CID>22</CID>
		<UserName>ed</UserName>
		<Password>pentest</Password>
		<Signature>Commandline KungFu anyone?</Signature>
		<Type>User</Type>
		<FirstName>Ed</FirstName>
		<LastName>Skoudis</LastName>
		<ClientID>5610bb265ab8c983e76c63a39b60413a</ClientID>
		<ClientSecret>bad5e5e957097463035d1456065c526c8025af8630eed79a65c67f9826f1623b</ClientSecret>
	</Account>
	<Account ID="23">
		<CID>23</CID>
		<UserName>joe</UserName>
		<Password>holly</Password>
		<Signature>Off by one error</Signature>
		<Type>User</Type>
		<FirstName>Joe</FirstName>
		<LastName>Holly</LastName>
		<ClientID>5b54992d53e5e45e2aa47c08fc45960b</ClientID>
		<ClientSecret>a2ba15559f2a49ebc9739fdc19fe45856f0a84aa45d73c4132202fcfa9c2ca58</ClientSecret>
	</Account>
	<Account ID="24">
		<CID>24</CID>
		<UserName>peter</UserName>
		<Password>initech123</Password>
		<Signature>I dont like my job</Signature>
		<Type>User</Type>
		<FirstName>Peter</FirstName>
		<LastName>Gibbons</LastName>
		<ClientID>172129bc4393fc2c8c5bd89fb3baad78</ClientID>
		<ClientSecret>e2c472ab192d79bc76d388d3aae14ab8a114d632410f957aee14c5284f4f179f</ClientSecret>
	</Account>
	<Account ID="25">
		<CID>25</CID>
		<UserName>milton</UserName>
		<Password>stapler</Password>
		<Signature>Wheres my stapler?</Signature>
		<Type>User</Type>
		<FirstName>Milton</FirstName>
		<LastName>Waddams</LastName>
		<ClientID>d7c73dab83eb9ef563486aadada7a855</ClientID>
		<ClientSecret>b63421a9762b0db7d93e1fa7e1bc291f0dc2ea47747288d1669f2f86aee43085</ClientSecret>
	</Account>
	<Account ID="26">
		<CID>26</CID>
		<UserName>bill</UserName>
		<Password>tpsreports</Password>
		<Signature>Did you get the memo?</Signature>
		<Type>User</Type>
		<FirstName>Bill</FirstName>
		<LastName>Lumbergh</LastName>
		<ClientID>b09b1b49dccb122cd443ca14d1605e41</ClientID>
		<ClientSecret>927cb0f8ffa50f5a34b8a100960436b9be6310c2516f1d00b2ff5382cc3fe744</ClientSecret>
	</Account>
	<Account ID="27">
		<CID>27</CID>
		<UserName>samir</UserName>
		<Password>nojoke123</Password>
		<Signature>No one can pronounce my last name</Signature>
		<Type>User</Type>
		<FirstName>Samir</FirstName>
		<LastName>Nagheenanajar</LastName>
		<ClientID>adaf14feda81253d7cbd98bb84e048b6</ClientID>
		<ClientSecret>d01e3d93a0f0e398f922bc27b09628fc7510d0f8dc814186d13103a07fc6c070</ClientSecret>
	</Account>
	<Account ID="28">
		<CID>28</CID>
		<UserName>michael_b</UserName>
		<Password>michael123</Password>
		<Signature>We fixed the glitch</Signature>
		<Type>User</Type>
		<FirstName>Michael</FirstName>
		<LastName>Bolton</LastName>
		<ClientID>b42ee112d93be94c4ebb6a36a70e8e88</ClientID>
		<ClientSecret>262735d5ce0503bf724f37d45767a1f57129c08f0eabf86da042effed765f3f7</ClientSecret>
	</Account>
	<Account ID="29">
		<CID>29</CID>
		<UserName>michael_s</UserName>
		<Password>worldsbestboss</Password>
		<Signature>Worlds Best Boss</Signature>
		<Type>User</Type>
		<FirstName>Michael</FirstName>
		<LastName>Scott</LastName>
		<ClientID>523e54d662dc0a6405d20f358130a836</ClientID>
		<ClientSecret>c9fcb9fb3cd667c17a070609e64792cee4ee647b22e8150f9d4022a2308e095f</ClientSecret>
	</Account>
	<Account ID="30">
		<CID>30</CID>
		<UserName>jim</UserName>
		<Password>bearsbeatsbattlestar</Password>
		<Signature>Pranking Dwight</Signature>
		<Type>User</Type>
		<FirstName>Jim</FirstName>
		<LastName>Halpert</LastName>
		<ClientID>579e3c352937c06077c645273b6f81b9</ClientID>
		<ClientSecret>d065da8d06fa624e5c5356ddfc12dd17ef7d1b8be83f98bc1aa0d58b0d9cbc8c</ClientSecret>
	</Account>
	<Account ID="31">
		<CID>31</CID>
		<UserName>dwight</UserName>
		<Password>assistant_to_the_regional_manager</Password>
		<Signature>Bears. Beets. Battlestar Galactica.</Signature>
		<Type>User</Type>
		<FirstName>Dwight</FirstName>
		<LastName>Schrute</LastName>
		<ClientID>b3171423a7ad33d1fc27be486dc89d8b</ClientID>
		<ClientSecret>f611c90b21fa669215b588562699fbb36486a77c7a8dd99753e8e3897372a76b</ClientSecret>
	</Account>
	<Account ID="32">
		<CID>32</CID>
		<UserName>pam</UserName>
		<Password>pammy123</Password>
		<Signature>Dunder Mifflin</Signature>
		<Type>User</Type>
		<FirstName>Pam</FirstName>
		<LastName>Beesly</LastName>
		<ClientID>f26beb1484a1c093dfcc375001f788c5</ClientID>
		<ClientSecret>69a0e2185d5f78cfe5f95cba8dcecbdd3a7d22b30b5e4bda5ae882ea2cf09a7a</ClientSecret>
	</Account>
	<Account ID="33">
		<CID>33</CID>
		<UserName>ryan</UserName>
		<Password>temp123</Password>
		<Signature>I am the temp</Signature>
		<Type>User</Type>
		<FirstName>Ryan</FirstName>
		<LastName>Howard</LastName>
		<ClientID>6befc161a411bcc4578a38f3937c77b3</ClientID>
		<ClientSecret>ae36a71621f773e058865eeea433ec016453f3b86fc293ce55b62aa10917ad50</ClientSecret>
	</Account>
	<Account ID="34">
		<CID>34</CID>
		<UserName>derek</UserName>
		<Password>bluestrike</Password>
		<Signature>Im pretty sure theres more to life than being really, really ridiculously good looking</Signature>
		<Type>User</Type>
		<FirstName>Derek</FirstName>
		<LastName>Zoolander</LastName>
		<ClientID>c83fe533e47f469e6e2fe1d2d5302f92</ClientID>
		<ClientSecret>b30a1ac519b66c8adfde6307e2db9d7e4c6f62e0b2aca8af6d128d91d0616130</ClientSecret>
	</Account>
	<Account ID="35">
		<CID>35</CID>
		<UserName>hansel</UserName>
		<Password>hansel123</Password>
		<Signature>Hansel. Hes so hot right now.</Signature>
		<Type>User</Type>
		<FirstName>Hansel</FirstName>
		<LastName></LastName>
		<ClientID>5b1237376acc8a1bcd9c1ef9e304f32a</ClientID>
		<ClientSecret>3575736cf906e7e05668f47fbf58fa11ffe3531b47dbbc5eeef5b1cc928242e0</ClientSecret>
	</Account>
	<Account ID="36">
		<CID>36</CID>
		<UserName>mugatu</UserName>
		<Password>mugatu123</Password>
		<Signature>I invented the piano key necktie!</Signature>
		<Type>User</Type>
		<FirstName>Jacobim</FirstName>
		<LastName>Mugatu</LastName>
		<ClientID>6309e662f9dc051318d48d27edb73622</ClientID>
		<ClientSecret>44f7c7022126d8508201443acac08d1bd2639a868fe13fb43fc9ec0d894c03e8</ClientSecret>
	</Account>
	<Account ID="37">
		<CID>37</CID>
		<UserName>matilda</UserName>
		<Password>journalist123</Password>
		<Signature>Investigative reporter</Signature>
		<Type>User</Type>
		<FirstName>Matilda</FirstName>
		<LastName>Jeffries</LastName>
		<ClientID>13b716b7dd0dfbb916a8fca5854252c0</ClientID>
		<ClientSecret>818b78a707558acf8220af20ea30c1c73175f77af904aea3751be7853a1ac550</ClientSecret>
	</Account>
	<Account ID="38">
		<CID>38</CID>
		<UserName>stackhawk</UserName>
		<Password>Kaakaww</Password>
		<Signature>Swooping in for security</Signature>
		<Type>User</Type>
		<FirstName>Stack</FirstName>
		<LastName>Hawk</LastName>
		<ClientID>6d720aa659337a2d146aadf93a51e969</ClientID>
		<ClientSecret>547f0eb9eec137252a631454ff0527bbdce4f48a643dc4f281d088168cf2296e</ClientSecret>
	</Account>
	<Account ID="39">
		<CID>39</CID>
		<UserName>zoolander</UserName>
		<Password>zoolander123</Password>
		<Signature>I am really, really, really, ridiculously good looking</Signature>
		<Type>User</Type>
		<FirstName>Derek</FirstName>
		<LastName>Zoolander</LastName>
		<ClientID>5dab02ff308f0bee723b3f68928e6f4a</ClientID>
		<ClientSecret>5599c516e04d6823e3cbb5eeda5bcc37e826ecbd36d5de2ad57ca2657a6025be</ClientSecret>
	</Account>
	<Account ID="40">
		<CID>40</CID>
		<UserName>maury</UserName>
		<Password>maury123</Password>
		<Signature>Youre the guy who cant turn left</Signature>
		<Type>User</Type>
		<FirstName>Maury</FirstName>
		<LastName>Ballstein</LastName>
		<ClientID>04f5902a3576b6fbf22e16a7d0c717f6</ClientID>
		<ClientSecret>8d629e9c91e904980175e344b3a40bbcbd2d6af73788c4cc70af06138d7f92ea</ClientSecret>
	</Account>
</Accounts>
