<?xml version="1.0" encoding="utf-8"?>
<!DOCTYPE xml>
<Employees>
	<Employee ID="1">
		<UserName>admin</UserName>
		<Password>adminpass</Password>
		<Signature>g0t r00t?</Signature>
		<Type>Admin</Type>
		<ClientID>1001</ClientID>
		<ClientSecret>38a3f36bbf8f4fdf</ClientSecret>
	</Employee>
	<Employee ID="2">
		<UserName>adrian</UserName>
		<Password>somepassword</Password>
		<Signature>Zombie Films Rock!</Signature>
		<Type>Admin</Type>
		<ClientID>1002</ClientID>
		<ClientSecret>36e247ea1a9f4f3e</ClientSecret>
	</Employee>
	<Employee ID="3">
		<UserName>patches</UserName>
		<Password>tortoise</Password>
		<Signature>meow</Signature>
		<Type>User</Type>
		<ClientID>1003</ClientID>
		<ClientSecret>6a529f30b7b6b6e7</ClientSecret>
	</Employee>
	<Employee ID="4">
		<UserName>jeremy</UserName>
		<Password>password</Password>
		<Signature>d1373 1337 speak</Signature>
		<Type>User</Type>
		<ClientID>1004</ClientID>
		<ClientSecret>52c17425e6c34ae4</ClientSecret>
	</Employee>
	<Employee ID="5">
		<UserName>bryce</UserName>
		<Password>password</Password>
		<Signature>I Love SANS</Signature>
		<Type>User</Type>
		<ClientID>1005</ClientID>
		<ClientSecret>12ac8934a7d24314</ClientSecret>
	</Employee>
	<Employee ID="6">
		<UserName>samurai</UserName>
		<Password>samurai</Password>
		<Signature>Carving fools</Signature>
		<Type>User</Type>
		<ClientID>1006</ClientID>
		<ClientSecret>64ebc4e3574540c3</ClientSecret>
	</Employee>
	<Employee ID="7">
		<UserName>dodgerjim</UserName>
		<Password>password</Password>
		<Signature>Rome is burning</Signature>
		<Type>User</Type>
		<ClientID>1007</ClientID>
		<ClientSecret>8d5a2f7e93e14b88</ClientSecret>
	</Employee>
	<Employee ID="8">
		<UserName>bobby</UserName>
		<Password>password</Password>
		<Signature>Hank is my dad</Signature>
		<Type>User</Type>
		<ClientID>1008</ClientID>
		<ClientSecret>80cfeb495e9a4f54</ClientSecret>
	</Employee>
	<Employee ID="9">
		<UserName>simba</UserName>
		<Password>password</Password>
		<Signature>I am a super-cat</Signature>
		<Type>User</Type>
		<ClientID>1009</ClientID>
		<ClientSecret>e6f29d9c58c54692</ClientSecret>
	</Employee>
	<Employee ID="10">
		<UserName>dreveil</UserName>
		<Password>password</Password>
		<Signature>Preparation H</Signature>
		<Type>User</Type>
		<ClientID>1010</ClientID>
		<ClientSecret>60a29fd5b5b342f7</ClientSecret>
	</Employee>
	<Employee ID="11">
		<UserName>scotty</UserName>
		<Password>password</Password>
		<Signature>Scotty do</Signature>
		<Type>User</Type>
		<ClientID>1011</ClientID>
		<ClientSecret>ecb283c5f38e431a</ClientSecret>
	</Employee>
	<Employee ID="12">
		<UserName>cal</UserName>
		<Password>password</Password>
		<Signature>C-A-T-S Cats Cats Cats</Signature>
		<Type>User</Type>
		<ClientID>1012</ClientID>
		<ClientSecret>5af1a36b7a78400b</ClientSecret>
	</Employee>
	<Employee ID="13">
		<UserName>john</UserName>
		<Password>password</Password>
		<Signature>Do the Duggie!</Signature>
		<Type>User</Type>
		<ClientID>1013</ClientID>
		<ClientSecret>b229c3e0d66b4a2b</ClientSecret>
	</Employee>
	<Employee ID="14">
		<UserName>kevin</UserName>
		<Password>42</Password>
		<Signature>Doug Adams rocks</Signature>
		<Type>User</Type>
		<ClientID>1014</ClientID>
		<ClientSecret>1d1293dba77c41e2</ClientSecret>
	</Employee>
	<Employee ID="15">
		<UserName>dave</UserName>
		<Password>set</Password>
		<Signature>Bet on S.E.T. FTW</Signature>
		<Type>User</Type>
		<ClientID>1015</ClientID>
		<ClientSecret>17343c823c5545f5</ClientSecret>
	</Employee>
	<Employee ID="16">
		<UserName>patches</UserName>
		<Password>tortoise</Password>
		<Signature>meow</Signature>
		<Type>User</Type>
		<ClientID>1016</ClientID>
		<ClientSecret>ec762fd0a28345a1</ClientSecret>
	</Employee>
	<Employee ID="17">
		<UserName>rocky</UserName>
		<Password>stripes</Password>
		<Signature>treats?</Signature>
		<Type>User</Type>
		<ClientID>1017</ClientID>
		<ClientSecret>0a2a118c02c045b6</ClientSecret>
	</Employee>
	<Employee ID="18">
		<UserName>tim</UserName>
		<Password>lanmaster53</Password>
		<Signature>Because reconnaissance is hard to spell</Signature>
		<Type>User</Type>
		<ClientID>1018</ClientID>
		<ClientSecret>327ab9f5c19148f4</ClientSecret>
	</Employee>
	<Employee ID="19">
		<UserName>ABaker</UserName>
		<Password>SoSecret</Password>
		<Signature>Muffin tops only</Signature>
		<Type>Admin</Type>
		<ClientID>1019</ClientID>
		<ClientSecret>f2f6c6b3e6e54e62</ClientSecret>
	</Employee>
	<Employee ID="20">
		<UserName>PPan</UserName>
		<Password>NotTelling</Password>
		<Signature>Where is Tinker?</Signature>
		<Type>User</Type>
		<ClientID>1020</ClientID>
		<ClientSecret>ad77b9b6497a4088</ClientSecret>
	</Employee>
	<Employee ID="21">
		<UserName>CHook</UserName>
		<Password>JollyRoger</Password>
		<Signature>Gator-hater</Signature>
		<Type>User</Type>
		<ClientID>1021</ClientID>
		<ClientSecret>b935f3885e874f92</ClientSecret>
	</Employee>
	<Employee ID="22">
		<UserName>james</UserName>
		<Password>i&lt;3devs</Password>
		<Signature>Occupation: Researcher</Signature>
		<Type>User</Type>
		<ClientID>1022</ClientID>
		<ClientSecret>8e56f2b58a6f47a5</ClientSecret>
	</Employee>
	<Employee ID="23">
		<UserName>ed</UserName>
		<Password>pentest</Password>
		<Signature>Commandline KungFu anyone?</Signature>
		<Type>User</Type>
		<ClientID>1023</ClientID>
		<ClientSecret>63b784c209df4518</ClientSecret>
	</Employee>
</Employees>
